individual,species_2
D505,AMPL
H111,AMPL
C371,ARCO
D169,ARCO
D170,ARCO
D171,ARCO
D206,ARCO
D238,ARCO
D353,ARCO
D354,ARCO
D356,ARCO
D506,ARCO
D507,ARCO
D738,ARCO
D951,ARCO
D965,ARCO
J487,ARCO
J529,ARCO
C073,CYPU
C074,CYPU
C075,CYPU
C153,CYPU
C154,CYPU
C155,CYPU
C156,CYPU
C157,CYPU
C163,CYPU
C164,CYPU
C165,CYPU
C166,CYPU
C182,CYPU
C183,CYPU
C206,CYPU
C207,CYPU
C208,CYPU
C209,CYPU
C237,CYPU
C246,CYPU
C281,CYPU
C301,CYPU
C372,CYPU
C395,CYPU
C404,CYPU
C437,CYPU
C438,CYPU
C439,CYPU
C440,CYPU
C441,CYPU
C442,CYPU
C443,CYPU
C705,CYPU
C816,CYPU
C817,CYPU
C942,CYPU
C970,CYPU
C991,CYPU
C992,CYPU
C993,CYPU
C994,CYPU
C995,CYPU
C996,CYPU
D056,CYPU
D057,CYPU
D058,CYPU
D059,CYPU
D060,CYPU
D081,CYPU
D082,CYPU
D083,CYPU
D084,CYPU
D085,CYPU
D086,CYPU
D087,CYPU
D088,CYPU
D089,CYPU
D154,CYPU
D155,CYPU
D172,CYPU
D173,CYPU
D174,CYPU
D175,CYPU
D176,CYPU
D177,CYPU
D178,CYPU
D179,CYPU
D180,CYPU
D181,CYPU
D182,CYPU
D183,CYPU
D184,CYPU
D227,CYPU
D228,CYPU
D229,CYPU
D230,CYPU
D231,CYPU
D301,CYPU
D302,CYPU
D303,CYPU
D304,CYPU
D305,CYPU
D319,CYPU
D320,CYPU
D321,CYPU
D322,CYPU
D323,CYPU
D324,CYPU
D325,CYPU
D326,CYPU
D335,CYPU
D336,CYPU
D337,CYPU
D351,CYPU
D352,CYPU
D422,CYPU
D423,CYPU
D424,CYPU
D437,CYPU
D450,CYPU
D452,CYPU
D463,CYPU
D464,CYPU
D465,CYPU
D466,CYPU
D468,CYPU
D469,CYPU
D470,CYPU
D493,CYPU
D494,CYPU
D495,CYPU
D496,CYPU
D497,CYPU
D509,CYPU
D571,CYPU
D572,CYPU
D573,CYPU
D574,CYPU
D575,CYPU
D576,CYPU
D577,CYPU
D578,CYPU
D585,CYPU
D593,CYPU
D594,CYPU
D595,CYPU
D596,CYPU
D597,CYPU
D598,CYPU
D599,CYPU
D600,CYPU
D601,CYPU
D602,CYPU
D603,CYPU
D604,CYPU
D606,CYPU
D631,CYPU
D674,CYPU
D675,CYPU
D676,CYPU
D677,CYPU
D678,CYPU
D679,CYPU
D680,CYPU
D682,CYPU
D683,CYPU
D684,CYPU
D685,CYPU
D686,CYPU
D687,CYPU
D688,CYPU
D689,CYPU
D690,CYPU
D730,CYPU
D744,CYPU
D745,CYPU
D746,CYPU
D747,CYPU
D809,CYPU
D810,CYPU
D811,CYPU
D812,CYPU
D813,CYPU
D829,CYPU
D834,CYPU
D835,CYPU
D836,CYPU
D837,CYPU
D838,CYPU
D839,CYPU
D840,CYPU
D841,CYPU
D875,CYPU
D878,CYPU
D879,CYPU
D880,CYPU
D881,CYPU
D884,CYPU
D885,CYPU
D886,CYPU
D887,CYPU
D888,CYPU
D889,CYPU
D900,CYPU
D902,CYPU
D904,CYPU
D906,CYPU
D908,CYPU
D932,CYPU
D933,CYPU
D934,CYPU
D957,CYPU
D959,CYPU
D990,CYPU
D991,CYPU
D992,CYPU
H012,CYPU
H022,CYPU
H036,CYPU
H037,CYPU
H038,CYPU
H039,CYPU
H040,CYPU
H041,CYPU
H047,CYPU
H083,CYPU
H099,CYPU
H100,CYPU
H113,CYPU
J334,CYPU
J399,CYPU
J400,CYPU
J401,CYPU
J402,CYPU
J403,CYPU
J404,CYPU
J405,CYPU
J439,CYPU
J497,CYPU
J498,CYPU
J506,CYPU
J507,CYPU
J551,CYPU
J552,CYPU
J553,CYPU
J554,CYPU
J561,CYPU
J562,CYPU
J563,CYPU
J581,CYPU
J582,CYPU
J583,CYPU
J584,CYPU
J585,CYPU
J586,CYPU
C000,FUCH
C001,FUCH
C002,FUCH
C003,FUCH
C004,FUCH
C005,FUCH
C006,FUCH
C007,FUCH
C008,FUCH
C009,FUCH
C010,FUCH
C011,FUCH
C012,FUCH
C013,FUCH
C015,FUCH
C016,FUCH
C017,FUCH
C018,FUCH
C019,FUCH
C020,FUCH
C021,FUCH
C022,FUCH
C023,FUCH
C024,FUCH
C025,FUCH
C026,FUCH
C027,FUCH
C028,FUCH
C029,FUCH
C030,FUCH
C031,FUCH
C032,FUCH
C033,FUCH
C034,FUCH
C035,FUCH
C036,FUCH
C037,FUCH
C038,FUCH
C039,FUCH
C040,FUCH
C041,FUCH
C042,FUCH
C043,FUCH
C044,FUCH
C045,FUCH
C046,FUCH
C047,FUCH
C048,FUCH
C049,FUCH
C050,FUCH
C051,FUCH
C052,FUCH
C053,FUCH
C054,FUCH
C055,FUCH
C056,FUCH
C057,FUCH
C058,FUCH
C059,FUCH
C060,FUCH
C061,FUCH
C062,FUCH
C063,FUCH
C064,FUCH
C065,FUCH
C066,FUCH
C067,FUCH
C068,FUCH
C069,FUCH
C070,FUCH
C071,FUCH
C072,FUCH
C076,FUCH
C077,FUCH
C078,FUCH
C079,FUCH
C080,FUCH
C081,FUCH
C082,FUCH
C083,FUCH
C084,FUCH
C085,FUCH
C086,FUCH
C087,FUCH
C088,FUCH
C090,FUCH
C091,FUCH
C092,FUCH
C093,FUCH
C094,FUCH
C095,FUCH
C096,FUCH
C097,FUCH
C098,FUCH
C099,FUCH
C100,FUCH
C101,FUCH
C102,FUCH
C103,FUCH
C104,FUCH
C105,FUCH
C110,FUCH
C111,FUCH
C112,FUCH
C113,FUCH
C114,FUCH
C115,FUCH
C116,FUCH
C117,FUCH
C118,FUCH
C119,FUCH
C120,FUCH
C121,FUCH
C122,FUCH
C123,FUCH
C124,FUCH
C125,FUCH
C126,FUCH
C127,FUCH
C128,FUCH
C129,FUCH
C130,FUCH
C131,FUCH
C132,FUCH
C133,FUCH
C134,FUCH
C135,FUCH
C136,FUCH
C137,FUCH
C138,FUCH
C139,FUCH
C140,FUCH
C141,FUCH
C142,FUCH
C143,FUCH
C144,FUCH
C145,FUCH
C146,FUCH
C147,FUCH
C148,FUCH
C149,FUCH
C150,FUCH
C151,FUCH
C152,FUCH
C158,FUCH
C159,FUCH
C160,FUCH
C161,FUCH
C162,FUCH
C180,FUCH
C184,FUCH
C185,FUCH
C187,FUCH
C188,FUCH
C189,FUCH
C190,FUCH
C191,FUCH
C192,FUCH
C193,FUCH
C194,FUCH
C195,FUCH
C196,FUCH
C197,FUCH
C198,FUCH
C199,FUCH
C200,FUCH
C201,FUCH
C202,FUCH
C203,FUCH
C204,FUCH
C205,FUCH
C238,FUCH
C239,FUCH
C240,FUCH
C241,FUCH
C242,FUCH
C243,FUCH
C244,FUCH
C245,FUCH
C282,FUCH
C296,FUCH
C297,FUCH
C389,FUCH
C399,FUCH
C400,FUCH
C401,FUCH
C402,FUCH
C416,FUCH
C417,FUCH
C425,FUCH
C426,FUCH
C427,FUCH
C428,FUCH
C429,FUCH
C430,FUCH
C444,FUCH
C445,FUCH
C446,FUCH
C447,FUCH
C448,FUCH
C449,FUCH
C450,FUCH
C451,FUCH
C587,FUCH
C822,FUCH
C823,FUCH
C824,FUCH
C825,FUCH
C856,FUCH
C870,FUCH
C871,FUCH
C872,FUCH
C880,FUCH
C881,FUCH
C883,FUCH
C893,FUCH
C901,FUCH
C902,FUCH
C903,FUCH
C904,FUCH
C905,FUCH
C906,FUCH
C907,FUCH
C908,FUCH
C909,FUCH
C910,FUCH
C911,FUCH
C912,FUCH
C913,FUCH
C914,FUCH
C915,FUCH
C923,FUCH
C924,FUCH
C925,FUCH
C926,FUCH
C927,FUCH
C928,FUCH
C929,FUCH
C930,FUCH
C931,FUCH
C932,FUCH
C933,FUCH
C934,FUCH
C935,FUCH
C943,FUCH
C949,FUCH
C951,FUCH
C952,FUCH
C953,FUCH
C954,FUCH
C955,FUCH
C956,FUCH
C957,FUCH
C961,FUCH
C962,FUCH
C964,FUCH
C965,FUCH
C975,FUCH
C976,FUCH
C977,FUCH
C978,FUCH
C979,FUCH
C980,FUCH
C981,FUCH
C983,FUCH
C984,FUCH
C985,FUCH
C986,FUCH
D026,FUCH
D027,FUCH
D028,FUCH
D029,FUCH
D030,FUCH
D031,FUCH
D032,FUCH
D033,FUCH
D034,FUCH
D035,FUCH
D036,FUCH
D037,FUCH
D061,FUCH
D062,FUCH
D063,FUCH
D064,FUCH
D116,FUCH
D117,FUCH
D118,FUCH
D119,FUCH
D120,FUCH
D252,FUCH
D253,FUCH
D254,FUCH
D255,FUCH
D284,FUCH
D317,FUCH
D327,FUCH
D328,FUCH
D329,FUCH
D330,FUCH
D331,FUCH
D332,FUCH
D342,FUCH
D343,FUCH
D344,FUCH
D345,FUCH
D346,FUCH
D347,FUCH
D348,FUCH
D349,FUCH
D350,FUCH
D480,FUCH
D481,FUCH
D547,FUCH
D548,FUCH
D549,FUCH
D586,FUCH
D587,FUCH
D588,FUCH
D589,FUCH
D590,FUCH
D591,FUCH
D643,FUCH
D644,FUCH
D645,FUCH
D647,FUCH
D648,FUCH
D649,FUCH
D700,FUCH
D701,FUCH
D702,FUCH
D703,FUCH
D704,FUCH
D705,FUCH
D706,FUCH
D707,FUCH
D708,FUCH
D709,FUCH
D799,FUCH
D826,FUCH
D827,FUCH
D828,FUCH
D842,FUCH
D844,FUCH
D847,FUCH
D848,FUCH
D850,FUCH
D851,FUCH
D852,FUCH
D853,FUCH
D890,FUCH
D893,FUCH
D895,FUCH
D896,FUCH
D898,FUCH
D915,FUCH
D952,FUCH
D953,FUCH
D954,FUCH
D988,FUCH
H006,FUCH
H007,FUCH
H016,FUCH
H017,FUCH
H018,FUCH
H020,FUCH
H023,FUCH
H024,FUCH
H025,FUCH
H028,FUCH
H030,FUCH
H031,FUCH
H032,FUCH
H033,FUCH
H034,FUCH
H035,FUCH
H043,FUCH
H050,FUCH
H051,FUCH
H052,FUCH
H053,FUCH
H054,FUCH
H055,FUCH
H056,FUCH
H057,FUCH
H058,FUCH
H059,FUCH
H060,FUCH
H061,FUCH
H062,FUCH
H063,FUCH
H091,FUCH
H093,FUCH
H095,FUCH
H096,FUCH
H097,FUCH
H098,FUCH
H105,FUCH
H106,FUCH
H107,FUCH
H140,FUCH
H141,FUCH
H156,FUCH
H157,FUCH
H158,FUCH
J418,FUCH
J480,FUCH
J482,FUCH
J483,FUCH
J501,FUCH
J508,FUCH
J510,FUCH
J511,FUCH
J512,FUCH
J513,FUCH
J514,FUCH
J530,FUCH
J531,FUCH
J532,FUCH
J533,FUCH
J539,FUCH
J540,FUCH
J541,FUCH
J580,FUCH
J591,FUCH
D257,LAHY
D635,LAHY
C403,LASA
C431,LASA
C827,LASA
D017,LASA
D048,LASA
D049,LASA
D071,LASA
D105,LASA
D106,LASA
D234,LASA
D235,LASA
D236,LASA
D314,LASA
D339,LASA
D340,LASA
D341,LASA
D491,LASA
D492,LASA
D519,LASA
D520,LASA
D521,LASA
D522,LASA
D523,LASA
D535,LASA
D580,LASA
D632,LASA
D633,LASA
D654,LASA
D655,LASA
D693,LASA
D712,LASA
D713,LASA
D797,LASA
D798,LASA
D854,LASA
D883,LASA
D901,LASA
D903,LASA
D943,LASA
D945,LASA
D946,LASA
D966,LASA
H048,LASA
H049,LASA
H139,LASA
J323,LASA
J515,LASA
J516,LASA
J517,LASA
J518,LASA
C172,LATE
C173,LATE
C235,LATE
C251,LATE
C260,LATE
C261,LATE
C262,LATE
C270,LATE
C271,LATE
C288,LATE
C289,LATE
C303,LATE
C304,LATE
C316,LATE
C317,LATE
C328,LATE
C330,LATE
C345,LATE
C358,LATE
C365,LATE
C366,LATE
C367,LATE
C385,LATE
C386,LATE
C387,LATE
C397,LATE
C398,LATE
C405,LATE
C406,LATE
C407,LATE
C414,LATE
C415,LATE
C422,LATE
C423,LATE
C424,LATE
C432,LATE
C433,LATE
C434,LATE
C435,LATE
C436,LATE
C891,LATE
C892,LATE
C939,LATE
C958,LATE
C959,LATE
C960,LATE
C966,LATE
C967,LATE
C989,LATE
D015,LATE
D016,LATE
D050,LATE
D051,LATE
D052,LATE
D072,LATE
D073,LATE
D102,LATE
D103,LATE
D104,LATE
D261,LATE
D262,LATE
D263,LATE
D264,LATE
D278,LATE
D279,LATE
D285,LATE
D286,LATE
D287,LATE
D288,LATE
D289,LATE
D290,LATE
D291,LATE
D292,LATE
D338,LATE
D442,LATE
D443,LATE
D444,LATE
D445,LATE
D556,LATE
D557,LATE
D636,LATE
D637,LATE
D638,LATE
D639,LATE
D640,LATE
D656,LATE
D657,LATE
D941,LATE
D942,LATE
D958,LATE
H042,LATE
H045,LATE
H075,LATE
H078,LATE
H080,LATE
H119,LATE
H124,LATE
J335,LATE
J336,LATE
J464,LATE
J465,LATE
C210,POFR
C231,POFR
C232,POFR
C233,POFR
C234,POFR
C283,POFR
C284,POFR
C309,POFR
C310,POFR
C329,POFR
C334,POFR
C335,POFR
C336,POFR
C337,POFR
C338,POFR
D014,POFR
D101,POFR
D440,POFR
D441,POFR
D504,POFR
C167,MENE
C168,MENE
C176,MENE
C179,MENE
C211,MENE
C212,MENE
C213,MENE
C247,MENE
C248,MENE
C275,MENE
C285,MENE
C311,MENE
C370,MENE
C826,MENE
C890,MENE
C921,MENE
C922,MENE
D159,MENE
D160,MENE
D167,MENE
D203,MENE
D204,MENE
D215,MENE
D216,MENE
D239,MENE
D377,MENE
D378,MENE
D379,MENE
D425,MENE
D508,MENE
D615,MENE
D616,MENE
D634,MENE
D666,MENE
D667,MENE
D672,MENE
D673,MENE
D741,MENE
D742,MENE
D743,MENE
D817,MENE
D818,MENE
D905,MENE
D950,MENE
H027,MENE
H101,MENE
J486,MENE
J519,MENE
C177,OBRE
C249,OBRE
C258,OBRE
C259,OBRE
C287,OBRE
C343,OBRE
C396,OBRE
C411,OBRE
C412,OBRE
C413,OBRE
C419,OBRE
C420,OBRE
C421,OBRE
C860,OBRE
C885,OBRE
C889,OBRE
C940,OBRE
C941,OBRE
C968,OBRE
C969,OBRE
D023,OBRE
D024,OBRE
D025,OBRE
D038,OBRE
D039,OBRE
D040,OBRE
D041,OBRE
D065,OBRE
D066,OBRE
D112,OBRE
D113,OBRE
D114,OBRE
D115,OBRE
D258,OBRE
D259,OBRE
D260,OBRE
D430,OBRE
D431,OBRE
D432,OBRE
D433,OBRE
D472,OBRE
D473,OBRE
D474,OBRE
D475,OBRE
D476,OBRE
D477,OBRE
D478,OBRE
D479,OBRE
D558,OBRE
D559,OBRE
D560,OBRE
D561,OBRE
D562,OBRE
D592,OBRE
D624,OBRE
D658,OBRE
D659,OBRE
D731,OBRE
D732,OBRE
D736,OBRE
D737,OBRE
D815,OBRE
D816,OBRE
D870,OBRE
D910,OBRE
D916,OBRE
D987,OBRE
D993,OBRE
H046,OBRE
H112,OBRE
J504,OBRE
J520,OBRE
D205,PLDO
D400,PLDO
D471,PLDO
D612,PLDO
D613,PLDO
D614,PLDO
D669,PLDO
D670,PLDO
D671,PLDO
D739,PLDO
D897,PLDO
D899,PLDO
J484,PLDO
D008,PLRI
D009,PLRI
D010,PLRI
D011,PLRI
D012,PLRI
D054,PLRI
D055,PLRI
D075,PLRI
D076,PLRI
D077,PLRI
D078,PLRI
D079,PLRI
D080,PLRI
D090,PLRI
D091,PLRI
D092,PLRI
D093,PLRI
D094,PLRI
D095,PLRI
D096,PLRI
D097,PLRI
D098,PLRI
D099,PLRI
D100,PLRI
D130,PLRI
D131,PLRI
D132,PLRI
D133,PLRI
D134,PLRI
D135,PLRI
D137,PLRI
D138,PLRI
D139,PLRI
D140,PLRI
D141,PLRI
D142,PLRI
D143,PLRI
D185,PLRI
D186,PLRI
D187,PLRI
D406,PLRI
D407,PLRI
D408,PLRI
D409,PLRI
D410,PLRI
D411,PLRI
D412,PLRI
D413,PLRI
D414,PLRI
D415,PLRI
D416,PLRI
D459,PLRI
D460,PLRI
D461,PLRI
D462,PLRI
D510,PLRI
D511,PLRI
D512,PLRI
D513,PLRI
D514,PLRI
D515,PLRI
D516,PLRI
D517,PLRI
D518,PLRI
D534,PLRI
D543,PLRI
D544,PLRI
D545,PLRI
D546,PLRI
D550,PLRI
D551,PLRI
D552,PLRI
D553,PLRI
D554,PLRI
D555,PLRI
D563,PLRI
D564,PLRI
D565,PLRI
D566,PLRI
D567,PLRI
D568,PLRI
D569,PLRI
D570,PLRI
D641,PLRI
D646,PLRI
D661,PLRI
D662,PLRI
D663,PLRI
D664,PLRI
D665,PLRI
D681,PLRI
D694,PLRI
D695,PLRI
D696,PLRI
D697,PLRI
D698,PLRI
D699,PLRI
D714,PLRI
D715,PLRI
D716,PLRI
D717,PLRI
D718,PLRI
D719,PLRI
D720,PLRI
D721,PLRI
D722,PLRI
D802,PLRI
D843,PLRI
D845,PLRI
D849,PLRI
D862,PLRI
D863,PLRI
D864,PLRI
D865,PLRI
D866,PLRI
D867,PLRI
D868,PLRI
D869,PLRI
D922,PLRI
D923,PLRI
D924,PLRI
D925,PLRI
D926,PLRI
D947,PLRI
D960,PLRI
D961,PLRI
D962,PLRI
D963,PLRI
D964,PLRI
D979,PLRI
D980,PLRI
D981,PLRI
D982,PLRI
D983,PLRI
D984,PLRI
D985,PLRI
D986,PLRI
D989,PLRI
J045,PLRI
J393,PLRI
J440,PLRI
J441,PLRI
J442,PLRI
J443,PLRI
J444,PLRI
J445,PLRI
J446,PLRI
J447,PLRI
J448,PLRI
J449,PLRI
J450,PLRI
J490,PLRI
J491,PLRI
J492,PLRI
J493,PLRI
J494,PLRI
J495,PLRI
J496,PLRI
J526,PLRI
J527,PLRI
J528,PLRI
J534,PLRI
J535,PLRI
J536,PLRI
J537,PLRI
J538,PLRI
J542,PLRI
J543,PLRI
J544,PLRI
J545,PLRI
J546,PLRI
J547,PLRI
J548,PLRI
J564,PLRI
J589,PLRI
J590,PLRI
J592,PLRI
J594,PLRI
J595,PLRI
C394,POAM
D136,POAM
D824,POAM
D825,POAM
D877,POAM
H153,POAM
H154,POAM
J593,POAM
H001,POFR
H002,POFR
H009,POFR
H010,POFR
H044,POFR
H094,POFR
H155,POFR
C305,POPU
C306,POPU
C307,POPU
C308,POPU
C352,POPU
C353,POPU
C354,POPU
C355,POPU
C356,POPU
C357,POPU
C821,POPU
C936,POPU
C937,POPU
C938,POPU
C944,POPU
C945,POPU
C946,POPU
C947,POPU
C948,POPU
D013,POPU
D053,POPU
D074,POPU
D232,POPU
D233,POPU
D380,POPU
D381,POPU
D536,POPU
D579,POPU
D617,POPU
D627,POPU
D668,POPU
D740,POPU
D801,POPU
D909,POPU
H015,POPU
H076,POPU
H077,POPU
H081,POPU
H082,POPU
H142,POPU
H143,POPU
H679,POPU
J395,POPU
J396,POPU
J397,POPU
J398,POPU
J436,POPU
J502,POPU
J503,POPU
C171,POPU 
C315,POPU 
C169,QUAP
C170,QUAP
C214,QUAP
C218,QUAP
C250,QUAP
C272,QUAP
C273,QUAP
C274,QUAP
C286,QUAP
C302,QUAP
C312,QUAP
C313,QUAP
C339,QUAP
C340,QUAP
C341,QUAP
C342,QUAP
C368,QUAP
C369,QUAP
C388,QUAP
C861,QUAP
C862,QUAP
C864,QUAP
C865,QUAP
C866,QUAP
C867,QUAP
C884,QUAP
C886,QUAP
C887,QUAP
C888,QUAP
C950,QUAP
C972,QUAP
C973,QUAP
C974,QUAP
C990,QUAP
D000,QUAP
D001,QUAP
D002,QUAP
D003,QUAP
D004,QUAP
D005,QUAP
D006,QUAP
D007,QUAP
D121,QUAP
D122,QUAP
D123,QUAP
D124,QUAP
D125,QUAP
D126,QUAP
D127,QUAP
D128,QUAP
D129,QUAP
D144,QUAP
D145,QUAP
D146,QUAP
D147,QUAP
D148,QUAP
D149,QUAP
D150,QUAP
D151,QUAP
D152,QUAP
D153,QUAP
D156,QUAP
D157,QUAP
D209,QUAP
D210,QUAP
D211,QUAP
D212,QUAP
D213,QUAP
D214,QUAP
D226,QUAP
D306,QUAP
D307,QUAP
D308,QUAP
D309,QUAP
D310,QUAP
D311,QUAP
D312,QUAP
D316,QUAP
D318,QUAP
D333,QUAP
D334,QUAP
D357,QUAP
D361,QUAP
D362,QUAP
D363,QUAP
D364,QUAP
D365,QUAP
D366,QUAP
D367,QUAP
D368,QUAP
D369,QUAP
D370,QUAP
D382,QUAP
D383,QUAP
D384,QUAP
D385,QUAP
D386,QUAP
D387,QUAP
D388,QUAP
D389,QUAP
D390,QUAP
D391,QUAP
D392,QUAP
D393,QUAP
D394,QUAP
D395,QUAP
D396,QUAP
D397,QUAP
D398,QUAP
D417,QUAP
D418,QUAP
D426,QUAP
D427,QUAP
D428,QUAP
D429,QUAP
D525,QUAP
D526,QUAP
D527,QUAP
D528,QUAP
D529,QUAP
D530,QUAP
D537,QUAP
D538,QUAP
D539,QUAP
D540,QUAP
D541,QUAP
D542,QUAP
D581,QUAP
D582,QUAP
D583,QUAP
D584,QUAP
D607,QUAP
D608,QUAP
D609,QUAP
D610,QUAP
D611,QUAP
D618,QUAP
D619,QUAP
D620,QUAP
D621,QUAP
D622,QUAP
D623,QUAP
D625,QUAP
D626,QUAP
D651,QUAP
D652,QUAP
D653,QUAP
D691,QUAP
D692,QUAP
D710,QUAP
D711,QUAP
D728,QUAP
D729,QUAP
D733,QUAP
D734,QUAP
D735,QUAP
D748,QUAP
D749,QUAP
D750,QUAP
D803,QUAP
D804,QUAP
D805,QUAP
D806,QUAP
D807,QUAP
D808,QUAP
D814,QUAP
D819,QUAP
D821,QUAP
D822,QUAP
D823,QUAP
D831,QUAP
D832,QUAP
D833,QUAP
D876,QUAP
D882,QUAP
H013,QUAP
H021,QUAP
C916,QUQU
C917,QUQU
C918,QUQU
C919,QUQU
C920,QUQU
C982,QUQU
D917,QUQU
D918,QUQU
D919,QUQU
D920,QUQU
D935,QUQU
D936,QUQU
D937,QUQU
D938,QUQU
D939,QUQU
D940,QUQU
D944,QUQU
D948,QUQU
D949,QUQU
D967,QUQU
D968,QUQU
D969,QUQU
D970,QUQU
D971,QUQU
D972,QUQU
D973,QUQU
D974,QUQU
D975,QUQU
D976,QUQU
D977,QUQU
D978,QUQU
H008,QUQU
H159,QUQU
J319,QUQU
J324,QUQU
J325,QUQU
J326,QUQU
J327,QUQU
J328,QUQU
J329,QUQU
J330,QUQU
J331,QUQU
J332,QUQU
J337,QUQU
J338,QUQU
J339,QUQU
J340,QUQU
J341,QUQU
J343,QUQU
J344,QUQU
J390,QUQU
J391,QUQU
J437,QUQU
J438,QUQU
J578,QUQU
J579,QUQU
J587,QUQU
J588,QUQU
D158,STUN
D168,STUN
D207,STUN
D208,STUN
D355,STUN
C181,TRTR
C236,TRTR
C276,TRTR
C277,TRTR
C278,TRTR
C279,TRTR
D018,TRTR
D019,TRTR
D020,TRTR
D021,TRTR
D022,TRTR
D042,TRTR
D043,TRTR
D044,TRTR
D045,TRTR
D046,TRTR
D047,TRTR
D067,TRTR
D068,TRTR
D069,TRTR
D070,TRTR
D107,TRTR
D108,TRTR
D109,TRTR
D110,TRTR
D111,TRTR
D315,TRTR
D399,TRTR
D401,TRTR
D402,TRTR
D403,TRTR
D404,TRTR
D405,TRTR
D434,TRTR
D435,TRTR
D436,TRTR
D438,TRTR
D439,TRTR
D524,TRTR
D723,TRTR
D724,TRTR
D725,TRTR
D726,TRTR
D727,TRTR
D800,TRTR
D871,TRTR
D872,TRTR
D873,TRTR
D874,TRTR
D994,TRTR
D995,TRTR
D996,TRTR
D997,TRTR
D998,TRTR
D999,TRTR
J505,TRTR
J549,TRTR
J550,TRTR
C174,TRVE
C175,TRVE
C215,TRVE
C216,TRVE
C217,TRVE
C220,TRVE
C221,TRVE
C222,TRVE
C223,TRVE
C224,TRVE
C225,TRVE
C226,TRVE
C227,TRVE
C228,TRVE
C229,TRVE
C230,TRVE
C252,TRVE
C253,TRVE
C254,TRVE
C255,TRVE
C256,TRVE
C257,TRVE
C263,TRVE
C264,TRVE
C265,TRVE
C266,TRVE
C267,TRVE
C268,TRVE
C269,TRVE
C290,TRVE
C291,TRVE
C292,TRVE
C293,TRVE
C294,TRVE
C295,TRVE
C298,TRVE
C299,TRVE
C300,TRVE
C319,TRVE
C320,TRVE
C321,TRVE
C322,TRVE
C323,TRVE
C324,TRVE
C325,TRVE
C326,TRVE
C327,TRVE
C331,TRVE
C332,TRVE
C333,TRVE
C344,TRVE
C346,TRVE
C347,TRVE
C348,TRVE
C349,TRVE
C350,TRVE
C351,TRVE
C359,TRVE
C360,TRVE
C361,TRVE
C362,TRVE
C363,TRVE
C364,TRVE
C373,TRVE
C374,TRVE
C375,TRVE
C376,TRVE
C377,TRVE
C378,TRVE
C379,TRVE
C380,TRVE
C381,TRVE
C382,TRVE
C383,TRVE
C384,TRVE
C390,TRVE
C391,TRVE
C392,TRVE
C393,TRVE
C418,TRVE
C818,TRVE
C819,TRVE
C820,TRVE
C868,TRVE
C869,TRVE
C873,TRVE
C874,TRVE
C875,TRVE
C876,TRVE
C877,TRVE
C878,TRVE
C879,TRVE
C894,TRVE
C895,TRVE
C896,TRVE
C897,TRVE
C898,TRVE
C899,TRVE
C900,TRVE
C987,TRVE
C988,TRVE
D161,TRVE
D162,TRVE
D163,TRVE
D164,TRVE
D165,TRVE
D166,TRVE
D188,TRVE
D189,TRVE
D190,TRVE
D191,TRVE
D192,TRVE
D193,TRVE
D194,TRVE
D195,TRVE
D196,TRVE
D197,TRVE
D198,TRVE
D199,TRVE
D200,TRVE
D201,TRVE
D202,TRVE
D217,TRVE
D218,TRVE
D219,TRVE
D220,TRVE
D221,TRVE
D222,TRVE
D223,TRVE
D224,TRVE
D225,TRVE
D240,TRVE
D241,TRVE
D242,TRVE
D243,TRVE
D244,TRVE
D245,TRVE
D246,TRVE
D247,TRVE
D248,TRVE
D249,TRVE
D250,TRVE
D251,TRVE
D265,TRVE
D267,TRVE
D268,TRVE
D269,TRVE
D270,TRVE
D271,TRVE
D272,TRVE
D273,TRVE
D274,TRVE
D275,TRVE
D276,TRVE
D277,TRVE
D280,TRVE
D281,TRVE
D282,TRVE
D283,TRVE
D293,TRVE
D294,TRVE
D295,TRVE
D296,TRVE
D297,TRVE
D298,TRVE
D300,TRVE
D313,TRVE
D358,TRVE
D359,TRVE
D360,TRVE
D371,TRVE
D372,TRVE
D373,TRVE
D374,TRVE
D375,TRVE
D376,TRVE
D419,TRVE
D420,TRVE
D421,TRVE
D446,TRVE
D447,TRVE
D448,TRVE
D449,TRVE
D453,TRVE
D454,TRVE
D455,TRVE
D456,TRVE
D457,TRVE
D458,TRVE
D482,TRVE
D483,TRVE
D484,TRVE
D485,TRVE
D486,TRVE
D487,TRVE
D488,TRVE
D489,TRVE
D490,TRVE
D498,TRVE
D499,TRVE
D500,TRVE
D501,TRVE
D502,TRVE
D503,TRVE
D531,TRVE
D532,TRVE
D533,TRVE
D628,TRVE
D629,TRVE
D630,TRVE
D642,TRVE
D650,TRVE
D751,TRVE
D752,TRVE
D753,TRVE
D754,TRVE
D755,TRVE
D756,TRVE
D757,TRVE
D758,TRVE
D759,TRVE
D760,TRVE
D761,TRVE
D762,TRVE
D763,TRVE
D764,TRVE
D765,TRVE
D766,TRVE
D767,TRVE
D768,TRVE
D769,TRVE
D770,TRVE
D771,TRVE
D772,TRVE
D773,TRVE
D774,TRVE
D775,TRVE
D776,TRVE
D777,TRVE
D778,TRVE
D779,TRVE
D780,TRVE
D781,TRVE
D782,TRVE
D783,TRVE
D784,TRVE
D785,TRVE
D786,TRVE
D787,TRVE
D788,TRVE
D789,TRVE
D790,TRVE
D791,TRVE
D792,TRVE
D793,TRVE
D794,TRVE
D795,TRVE
D796,TRVE
D830,TRVE
D855,TRVE
D856,TRVE
D857,TRVE
D858,TRVE
D859,TRVE
D860,TRVE
D861,TRVE
D891,TRVE
D892,TRVE
D894,TRVE
D911,TRVE
D912,TRVE
D913,TRVE
D927,TRVE
D928,TRVE
D929,TRVE
D930,TRVE
D931,TRVE
H000,TRVE
H003,TRVE
H004,TRVE
H005,TRVE
H011,TRVE
H064,TRVE
H065,TRVE
H066,TRVE
H067,TRVE
H068,TRVE
H070,TRVE
H071,TRVE
H072,TRVE
H073,TRVE
H074,TRVE
H092,TRVE
H102,TRVE
H103,TRVE
H104,TRVE
H108,TRVE
H109,TRVE
H110,TRVE
H160,TRVE
J320,TRVE
J321,TRVE
J322,TRVE
J333,TRVE
J485,TRVE
J499,TRVE
J500,TRVE
J521,TRVE
J522,TRVE
J523,TRVE
J524,TRVE
J525,TRVE
C408,UTIM
C409,UTIM
C410,UTIM
C863,UTIM
C997,UTIM
C998,UTIM
C999,UTIM
D237,VILI
